https://www.instagram.com/explore/tags/pilatesinstructor/?hl=en,"1,622,732",5
https://www.instagram.com/explore/tags/pilateslovers/,"3,485,014",3
https://www.instagram.com/explore/tags/wellnesscoach/,"2,114,063",5
https://www.instagram.com/explore/tags/yogainstructor/?hl=en,"1,138,618",5
https://www.instagram.com/explore/tags/fitnessinstructor/,"1,015,950",5
https://www.instagram.com/explore/tags/fitnessinstructors/,"47,609",5
https://www.instagram.com/explore/tags/pilatesteacher/,"493,434",5
https://www.instagram.com/explore/tags/pilatesstudio/,"768,765",5
https://www.instagram.com/explore/tags/pilatesworkout/,"233,587",5
https://www.instagram.com/explore/tags/pilates_instructor/,"1,565",5
https://www.instagram.com/explore/tags/zoomfitness/?hl=en,"32,249",5
https://www.instagram.com/explore/tags/dancefitness/,"1,142,684",3
https://www.instagram.com/explore/tags/onlineworkouts/,"165,122",5
https://www.instagram.com/explore/tags/onlineyoga/,"439,935",5
https://www.instagram.com/explore/tags/onlineyogaclass/,"37,050",4
https://www.instagram.com/explore/tags/onlineyogateacher/,"15,101",5
https://www.instagram.com/explore/tags/zoomclass/,"57,899",3
https://www.instagram.com/explore/tags/zoomclasses/,"145,662",2
https://www.instagram.com/explore/tags/zoomteacher/,"2,074",2
https://www.instagram.com/explore/tags/yogateacher/,"7,132,783",5
https://www.instagram.com/explore/tags/fitnessmotivation/,"95,703,410",3
https://www.instagram.com/explore/tags/yogainspiration/,"11,972,616",4
https://www.instagram.com/explore/tags/baltimorefitness/,"43,644",4
https://www.instagram.com/explore/tags/workoutfromhome/,"493,115",5
https://www.instagram.com/explore/tags/onlinegroepsles/,23,1
https://www.instagram.com/explore/tags/onlinegroepsles/,111,2
https://www.instagram.com/explore/tags/virtualfitness/,"109,298",5
https://www.instagram.com/explore/tags/exerciseonline/,"2,110",4
https://www.instagram.com/explore/tags/fullbodyworkout/,"1,485,430",5
https://www.instagram.com/explore/tags/athomeworkout/,"968,106",5
https://www.instagram.com/explore/tags/onlinefitnessclasses/,"14,304",5
https://www.instagram.com/explore/tags/workout/,"173,610,926",5
https://www.instagram.com/explore/tags/zoomfitnessclass/,"1,062",4
https://www.instagram.com/explore/tags/fitnessfriday/,"848,143",3
https://www.instagram.com/explore/tags/foamrollerworkout/,"10,318",4
https://www.instagram.com/explore/tags/pilatesforeverybody/,"54,204",4
https://www.instagram.com/explore/tags/pilatesismagic/,"10,178",5
https://www.instagram.com/explore/tags/instapilates/,"376,834",5
https://www.instagram.com/explore/tags/stretch/,"6,299,110",3
https://www.instagram.com/explore/tags/fitness/,"426,931,544",3
https://www.instagram.com/explore/tags/performance/,"18,671,658",2
https://www.instagram.com/explore/tags/fitnessgoals/,"10,492,401",3
https://www.instagram.com/explore/tags/training/,"110,935,037",3
https://www.instagram.com/explore/tags/zoomcoaching/,1715,4
https://www.instagram.com/explore/tags/onlinecoach/,"2,095,271",5
https://www.instagram.com/explore/tags/postnataltraining/,"6,902",4
https://www.instagram.com/explore/tags/personaltrainer/,"35,099,086",5
https://www.instagram.com/explore/tags/fitspo/,"72,267,332",5
https://www.instagram.com/explore/tags/fitmom/,"26,108,847",4
https://www.instagram.com/explore/tags/fitgirl/,"33,238,866",5
https://www.instagram.com/explore/tags/postpregnancybody/,"67,078",3
https://www.instagram.com/explore/tags/fitmama/,"2,479,136",4
https://www.instagram.com/explore/tags/musclemass/,"378,342",3
https://www.instagram.com/explore/tags/bodybuildingfood/,"233,670",4
https://www.instagram.com/explore/tags/fatlossjourney/,"1,232,931",5
https://www.instagram.com/explore/tags/getfit/,"34,507,957",5
https://www.instagram.com/explore/tags/hiitworkout/,"2,022,517",5
https://www.instagram.com/explore/tags/challengeyourself/,"2,605,475",3
https://www.instagram.com/explore/tags/onlinetrainer/,"762,210",5
https://www.instagram.com/explore/tags/homeroutine/,"15,803",5
https://www.instagram.com/explore/tags/fitnessblogger_de/,"80,920",5
https://www.instagram.com/explore/tags/fitnessblogger/,"2,629,708",5
https://www.instagram.com/explore/tags/instafitness/,"17,051,098",4
https://www.instagram.com/explore/tags/lockdown/,"15,448,661",2
https://www.instagram.com/explore/tags/fitover40/,"2,751,870",4
https://www.instagram.com/explore/tags/hiitathome/,"20,090",5
https://www.instagram.com/explore/tags/healthyathome/,"149,713",4
https://www.instagram.com/explore/tags/homegym/,"3,144,408",4
https://www.instagram.com/explore/tags/quarantineworkouts/,"106,522",5
https://www.instagram.com/explore/tags/quarantineworkout/,"400,885",5
https://www.instagram.com/explore/tags/workoutideas/,"571,836",5
https://www.instagram.com/explore/tags/coupleworkout/,"101,844",4
https://www.instagram.com/explore/tags/easyworkout/,"34,392",5
https://www.instagram.com/explore/tags/fitnessathome/,"193,914",5
https://www.instagram.com/explore/tags/youcanloseweightfromhome/,"122,206",3
https://www.instagram.com/explore/tags/workoutvideos/,"1,001,446",5
https://www.instagram.com/explore/tags/bodyweightexercises/,"343,476",4
https://www.instagram.com/explore/tags/simpleworkout/,"23,960",3
https://www.instagram.com/explore/tags/fitmomlife/,"475,313",4
https://www.instagram.com/explore/tags/coreworkout/,"2,136,112",5
https://www.instagram.com/explore/tags/abworkout/,"847,248",5
https://www.instagram.com/explore/tags/femalefitness/,"992,589",5
https://www.instagram.com/explore/tags/stayfit/,"6,155,872",5
https://www.instagram.com/explore/tags/zoomworkshop/,"9,176",4
https://www.instagram.com/explore/tags/zoomcooking/,"3,502",4
https://www.instagram.com/explore/tags/cookingtime/,"1,516,286",5
https://www.instagram.com/explore/tags/homecooking/,"15,929,883",5
https://www.instagram.com/explore/tags/homemade/,"88,314,061",5
https://www.instagram.com/explore/tags/cookingathome/,"2,150,289",5
https://www.instagram.com/explore/tags/homemadefood/,"7,077,718",5
https://www.instagram.com/explore/tags/homecookingideas/,"1,553",3
https://www.instagram.com/explore/tags/foodblogger/,"51,741,593",5
https://www.instagram.com/explore/tags/foodblog/,"17,997,080",5
https://www.instagram.com/explore/tags/foodpron/,"161,785",4
https://www.instagram.com/explore/tags/homecooked/,"4,168,109",5
https://www.instagram.com/explore/tags/instafood/,"187,530,744",3
https://www.instagram.com/explore/tags/zoomcookinglesson/,272,5
https://www.instagram.com/explore/tags/zoomfood/,"1,167",5
https://www.instagram.com/explore/tags/homecookingisthebest/,"246,819",4
https://www.instagram.com/explore/tags/homecookingadventures/,"1,700",5
https://www.instagram.com/explore/tags/virtualcookingclass/,"19,113",5
https://www.instagram.com/explore/tags/virtualevents/,"157,278",3
https://www.instagram.com/explore/tags/covidpivot/,"2,970",3
instagram.com/explore/tags/elearning/,"946,350",3
https://www.instagram.com/explore/tags/chefsofinstagram/,"5,240,028",5
